Created at;Favorites;Friends Count;Internal Links;Location;Status ID;Text;User;User ID;User Name;Verified account;Zone;urls
Fri Dec 17 16:59:39 +0000 2021;29693.0;730.0;;;1471887829122830348;"Iv√°n Duque saca pecho y habla de un ""hecho hist√≥rico"" porque subi√≥ el salario m√≠nimo a $1.000.000 de pesos, lo que no le dice a la gente es que tenemos el salario m√°s bajo de toda la regi√≥n. ¬°Ay Presidente! No le siga mintiendo al pa√≠s. ¬°Respete!";Lordalvaro3;1.3830919371425219e+18;Lord alvaro;0.0;;[]
Fri Dec 17 16:58:37 +0000 2021;32753.0;544.0;;Medellin,Colombia;1471887570435031044;"La responsabilidad del pap√° de Iv√°n Duque en el desastre de Armero
https://t.co/70DMWdKyLG";GerardoASalaza3;8.98347174341333e+17;Gerardo A Salazar h.;0.0;;[{'url': 'https://t.co/70DMWdKyLG', 'expanded_url': 'https://pluralidadz.com/nacion/la-responsabilidad-del-papa-de-ivan-duque-en-el-desastre-de-armero/', 'display_url': 'pluralidadz.com/nacion/la-resp‚Ä¶', 'indices': [84, 107]}]
Fri Dec 17 16:58:20 +0000 2021;14136.0;1643.0;;;1471887499463118855;"El presidente de Nicaragua, Daniel #Ortega, tacha a Colombia de ‚Äúun narco-Estado‚Äù y le critica por hablar de los DD.HH. mientras registra diariamente asesinatos. 

Leer m√°s: https://t.co/GR8cYu0hbk

#Colombia #DDHH https://t.co/2OdVqAYI5F";GregoriRasputi5;1.271527404222251e+18;Gregori Rasputin;0.0;;[]
Fri Dec 17 16:58:12 +0000 2021;80201.0;4460.0;;;1471887464734285830;"Iv√°n Duque saca pecho y habla de un ""hecho hist√≥rico"" porque subi√≥ el salario m√≠nimo a $1.000.000 de pesos, lo que no le dice a la gente es que tenemos el salario m√°s bajo de toda la regi√≥n. ¬°Ay Presidente! No le siga mintiendo al pa√≠s. ¬°Respete!";Williamduquear2;1.3371933815718093e+18;@DUARVE Fuera Gobierno Corrupto;0.0;;[]
Fri Dec 17 16:57:55 +0000 2021;440.0;1274.0;;;1471887393657606150;;BiblosDelsur;1.4362902543323832e+18;Biblos DelSur;0.0;;[{'url': 'https://t.co/dRguzGmSj6', 'expanded_url': 'https://twitter.com/i/web/status/1471887393657606150', 'display_url': 'twitter.com/i/web/status/1‚Ä¶', 'indices': [117, 140]}]
Fri Dec 17 16:57:44 +0000 2021;25360.0;637.0;;Caracas, Venezuela;1471887348241678339;"Colombia: 21 militares reconocen el asesinato de 250 civiles, bajo el formato de falsos positivos, pero el que ""dio la orden sigue escondido"" y protegido por Iv√°n Duque.";BritoLizzy;1.0518044452086456e+18;Lizzy Brito;0.0;;[]
Fri Dec 17 16:57:38 +0000 2021;86.0;1465.0;;;1471887323029725186;"La responsabilidad del pap√° de Iv√°n Duque en el desastre de Armero
https://t.co/70DMWdKyLG";JorgeTavera12;9.143311068702597e+17;Jorge Tavera;0.0;;[{'url': 'https://t.co/70DMWdKyLG', 'expanded_url': 'https://pluralidadz.com/nacion/la-responsabilidad-del-papa-de-ivan-duque-en-el-desastre-de-armero/', 'display_url': 'pluralidadz.com/nacion/la-resp‚Ä¶', 'indices': [84, 107]}]
Fri Dec 17 16:57:36 +0000 2021;3738.0;65.0;;;1471887314527916040;;OIRAMNOHJ;931267904.0;Jhon Mario;0.0;;[{'url': 'https://t.co/C7TUGpHf5s', 'expanded_url': 'https://youtu.be/sp3CWBkK4iQ', 'display_url': 'youtu.be/sp3CWBkK4iQ', 'indices': [0, 23]}, {'url': 'https://t.co/oFwl7SWMoD', 'expanded_url': 'https://twitter.com/i/web/status/1471887314527916040', 'display_url': 'twitter.com/i/web/status/1‚Ä¶', 'indices': [117, 140]}]
Fri Dec 17 16:57:31 +0000 2021;12677.0;445.0;;;1471887290863689733;A Ivan Duque le qued√≥ grande la paz y la reconciliaci√≥n de Colombia. #Balance;Velasquezpsico;203092760.0;-__-;0.0;;[]
Fri Dec 17 16:57:27 +0000 2021;27201.0;491.0;;;1471887277072826376;"Periodista deportivo Ricardo Henao, de comentar deportes a lamerle a Iv√°n Duque
https://t.co/NUwz6TnMv7";JoseBarriosR1;1.3116708710779945e+18;Jos√© A Riquett Büëπ;0.0;;[{'url': 'https://t.co/NUwz6TnMv7', 'expanded_url': 'https://pluralidadz.com/economia/periodista-deportivo-ricardo-henao-de-comentar-deportes-a-lamerle-a-ivan-duque/', 'display_url': 'pluralidadz.com/economia/perio‚Ä¶', 'indices': [97, 120]}]
Fri Dec 17 16:57:14 +0000 2021;277.0;144.0;;;1471887222274207749;"Karen Abudinen e Iv√°n  Duque,  ya recuperaron los 70 mil millones del Mintic?
Ustedes lo dijeron:
 ""En d√≠as recuperamos la plata""";Zuryjhapinzon;1.4661182006980567e+18;Zurygallegopinzon;0.0;;[]
Fri Dec 17 16:56:44 +0000 2021;108644.0;487.0;;Montr√©al, Canad√° ;1471887095107047433;"√Ålvaro Uribe denuncia a Juan Manuel Santos, por comunicarse con un Magistrado para que el patr√≥n se mantuviera  como imputado.
Se√±or imputado, porqu√© no hace publico que C√©sar Gaviria e Iv√°n Duque, tambi√©n se comunicaron con Magistrados,  para que votar√°n a su favor?";fguzmanjunior;424344001.0;Franklin Guzman;0.0;;[]
Fri Dec 17 16:55:54 +0000 2021;84498.0;773.0;;;1471886885148667915;Los mejores Planes de Gobierno del pa√≠s son los de la Gobernaci√≥n del Magdalena y el de la Alcald√≠a de Medell√≠n. ¬øVen por qu√© Iv√°n Duque y el Uribismo odia tanto a estos gobiernos?;AwindyPinzon;9.574276508380037e+17;Awindy Pinzon;0.0;;[]
Fri Dec 17 16:55:24 +0000 2021;36387.0;3220.0;;;1471886760858861571;Iv√°n Duqu√© es acusado por EEUU de no detener el tr√°fico al pa√≠s del Norte https://t.co/7oAT4XqaFt v√≠a @YouTube;emur52;367687685.0;efrain munoz;0.0;;[{'url': 'https://t.co/7oAT4XqaFt', 'expanded_url': 'https://youtu.be/kBSWU3zxjis', 'display_url': 'youtu.be/kBSWU3zxjis', 'indices': [86, 109]}]
Fri Dec 17 16:55:12 +0000 2021;55969.0;8372.0;;Bogota, Colombia;1471886710476791815;;LuchoJacobsen;47672271.0;Luis Carlos Jacobsen;0.0;;[]
Fri Dec 17 16:55:04 +0000 2021;29.0;31.0;;;1471886675261460488;"Colombia: 21 militares reconocen el asesinato de 250 civiles, bajo el formato de falsos positivos, pero el que ""dio la orden sigue escondido"" y protegido por Iv√°n Duque.";RocoVilladiego1;1.3294149640508006e+18;Roc√≠o Villadiego;0.0;;[]
Fri Dec 17 16:54:09 +0000 2021;11862.0;611.0;;;1471886443328978947;"Colombia: 21 militares reconocen el asesinato de 250 civiles, bajo el formato de falsos positivos, pero el que ""dio la orden sigue escondido"" y protegido por Iv√°n Duque.";SanchezPeaJair1;1.3211251963891098e+18;Sanchez Pe√±a Jairo Ramon;0.0;;[]
Fri Dec 17 16:54:01 +0000 2021;7439.0;5000.0;;;1471886412266065929;;07259e9ad8b64e4;3030848893.0;humgo;0.0;;[{'url': 'https://t.co/b9dRCNlOvH', 'expanded_url': 'https://twitter.com/i/web/status/1471886412266065929', 'display_url': 'twitter.com/i/web/status/1‚Ä¶', 'indices': [117, 140]}]
Fri Dec 17 16:53:16 +0000 2021;229.0;41.0;;;1471886222683525125;Federico Guti√©rrez es peor que Iv√°n Duque. No tengo pruebas, pero tampoco dudas.;Alexand44141803;1.3537245176931942e+18;Alexander Hern√°ndez Romero;0.0;;[]
Fri Dec 17 16:53:10 +0000 2021;3.0;11.0;;;1471886196108365824;;Nexo_Latino;1.3458841153468703e+18;NexoLatino;0.0;;[{'url': 'https://t.co/zEIyGISkAB', 'expanded_url': 'https://twitter.com/i/web/status/1471886196108365824', 'display_url': 'twitter.com/i/web/status/1‚Ä¶', 'indices': [117, 140]}]
Fri Dec 17 16:53:05 +0000 2021;3546.0;3673.0;;Venezuela;1471886174830669826;"Colombia: 21 militares reconocen el asesinato de 250 civiles, bajo el formato de falsos positivos, pero el que ""dio la orden sigue escondido"" y protegido por Iv√°n Duque.";olyjosefinaserr;570544521.0;SEFIDEMAR;0.0;;[]
Fri Dec 17 16:52:46 +0000 2021;82.0;130.0;;medellin;1471886097810612235;;gabriel15708319;1250018636.0;gabriel alberto rios;0.0;;[{'url': 'https://t.co/73izxEqQKP', 'expanded_url': 'https://twitter.com/i/web/status/1471886097810612235', 'display_url': 'twitter.com/i/web/status/1‚Ä¶', 'indices': [116, 139]}]
Fri Dec 17 16:50:36 +0000 2021;276.0;60.0;;;1471885550265241601;;RICARDO22368642;1.4488310195750216e+18;RICARDO ESCOBAR;0.0;;[{'url': 'https://t.co/ZGVfaUK1qR', 'expanded_url': 'https://twitter.com/i/web/status/1471885550265241601', 'display_url': 'twitter.com/i/web/status/1‚Ä¶', 'indices': [117, 140]}]
Fri Dec 17 16:50:23 +0000 2021;8.0;18.0;;;1471885496360054785;;Marco83838157;1.3566373688041267e+18;Antonio;0.0;;[{'url': 'https://t.co/XWABWxbQ86', 'expanded_url': 'https://twitter.com/i/web/status/1471885496360054785', 'display_url': 'twitter.com/i/web/status/1‚Ä¶', 'indices': [117, 140]}]
Fri Dec 17 16:50:16 +0000 2021;66314.0;1634.0;https://t.co/ZlIL83MoxT;;1471885469117988868;"Colombia: 21 militares reconocen el asesinato de 250 civiles, bajo el formato de falsos positivos, pero el que ""dio la orden sigue escondido"" y protegido por Iv√°n Duque.";planwac;119804910.0;William Castillo Boll√©;0.0;;[]
Fri Dec 17 16:50:08 +0000 2021;17260.0;278.0;;;1471885433642659848;"Periodista deportivo Ricardo Henao, de comentar deportes a lamerle a Iv√°n Duque
https://t.co/NUwz6TnMv7";DanielM15170876;1.3557165800474665e+18;Daniel Mayorga;0.0;;[{'url': 'https://t.co/NUwz6TnMv7', 'expanded_url': 'https://pluralidadz.com/economia/periodista-deportivo-ricardo-henao-de-comentar-deportes-a-lamerle-a-ivan-duque/', 'display_url': 'pluralidadz.com/economia/perio‚Ä¶', 'indices': [97, 120]}]
Fri Dec 17 16:49:45 +0000 2021;257488.0;5002.0;https://t.co/dszilVgcuA;Quindio, Colombia;1471885336192200704;"@UriasRondon @MisionONUCol @CICR_co @DefensoriaCol @IvanDuque @CsiviComunes @JEP_Colombia @antonioguterres El fracaso de ivan duque, presidente titere al cual el corrupto ""rey"" condecoro. @ChalecosAmarill";UsugaRios;1223369046.0;Libardo Rios Usuga;0.0;;[]
Fri Dec 17 16:49:18 +0000 2021;1070.0;1410.0;;Bogota D.C.;1471885224233553930;"Periodista deportivo Ricardo Henao, de comentar deportes a lamerle a Iv√°n Duque
https://t.co/NUwz6TnMv7";JHONFA40;457175476.0;JHON DIAZ;0.0;;[{'url': 'https://t.co/NUwz6TnMv7', 'expanded_url': 'https://pluralidadz.com/economia/periodista-deportivo-ricardo-henao-de-comentar-deportes-a-lamerle-a-ivan-duque/', 'display_url': 'pluralidadz.com/economia/perio‚Ä¶', 'indices': [97, 120]}]
Fri Dec 17 16:48:33 +0000 2021;0.0;1.0;https://t.co/M0mzBoOrSH;;1471885036844732419;;AlertasW;1.2979352719090442e+18;Alertas W;0.0;;[{'url': 'https://t.co/aTaRcaV3lO', 'expanded_url': 'https://twitter.com/i/web/status/1471885036844732419', 'display_url': 'twitter.com/i/web/status/1‚Ä¶', 'indices': [117, 140]}]
Fri Dec 17 16:48:09 +0000 2021;12287.0;1152.0;;Bogot√°, D.C., Colombia;1471884935959130118;"Iv√°n Duque saca pecho y habla de un ""hecho hist√≥rico"" porque subi√≥ el salario m√≠nimo a $1.000.000 de pesos, lo que no le dice a la gente es que tenemos el salario m√°s bajo de toda la regi√≥n. ¬°Ay Presidente! No le siga mintiendo al pa√≠s. ¬°Respete!";savandija1877;2664879045.0;Alexandra Davila;0.0;;[]
Fri Dec 17 16:48:07 +0000 2021;4773.0;4698.0;;;1471884925850853377;@MiguelUribeT @AForeroM ¬øAH USTED CREE QUE EL GOBIERNO ACTUAL DE IVAN DUQUE,QUI√âN MONT√ì EL SE√ëOR ALVARO URIBE,QUI√âN LO VA MANEJAR A USTED TAMBI√âN, PR√ÅCTICA LA AUSTERIDAD?;JhonsonT3;1.4567592439447306e+18;JhonsonT;0.0;;[]
Fri Dec 17 16:47:50 +0000 2021;156606.0;996.0;;Colombia;1471884853452980233;"""Petro nos pondr√° a aguantar hambre""

Julio de 48 a√±os, recoge reciclaje, come dos veces al d√≠a y vot√≥ por Ivan Duque en el 2018.";dona_paloma;1.0822766928848855e+18;Do√±aPaloma;0.0;;[]
Fri Dec 17 16:47:37 +0000 2021;34542.0;801.0;;bogot√°;1471884799396782087;"Iv√°n Duque saca pecho y habla de un ""hecho hist√≥rico"" porque subi√≥ el salario m√≠nimo a $1.000.000 de pesos, lo que no le dice a la gente es que tenemos el salario m√°s bajo de toda la regi√≥n. ¬°Ay Presidente! No le siga mintiendo al pa√≠s. ¬°Respete!";liotcas;220834321.0;Liliam Otalora;0.0;;[]
Fri Dec 17 16:47:15 +0000 2021;29186.0;1562.0;;;1471884710443896836;"Periodista deportivo Ricardo Henao, de comentar deportes a lamerle a Iv√°n Duque
https://t.co/NUwz6TnMv7";Rotundovagabund;7.290888896804413e+17;@Rotundo Vagabundo;0.0;;[{'url': 'https://t.co/NUwz6TnMv7', 'expanded_url': 'https://pluralidadz.com/economia/periodista-deportivo-ricardo-henao-de-comentar-deportes-a-lamerle-a-ivan-duque/', 'display_url': 'pluralidadz.com/economia/perio‚Ä¶', 'indices': [97, 120]}]
Fri Dec 17 16:46:53 +0000 2021;94356.0;966.0;;CALI- VALLE - MEDELL√çN;1471884617087164427;;TECNIBL04954133;2625840637.0;JOEL RAMIREZ RAMIREZ;0.0;;[{'url': 'https://t.co/GxBHB9zzkE', 'expanded_url': 'https://twitter.com/i/web/status/1471884617087164427', 'display_url': 'twitter.com/i/web/status/1‚Ä¶', 'indices': [117, 140]}]
Fri Dec 17 16:46:33 +0000 2021;1818.0;1046.0;;Caracas;1471884534069223432;"Hola Ivan Duque, varias cosas: lo primero es que Sim√≥n Bol√≠var ""El Libertador"", no muri√≥, su esp√≠ritu se mantiene vivo entre los pueblos que luchan contra el imperio que siempre nos alert√≥. Tu no sabes de eso, porque tu eres un lacayo de EEUU. https://t.co/MCS5wcIgB9";josemiguelgar44;477319541.0;jose miguel garcia h;0.0;;[]
Fri Dec 17 16:46:28 +0000 2021;33617.0;689.0;;Medell√≠n, Colombia;1471884513491968006;"La responsabilidad del pap√° de Iv√°n Duque en el desastre de Armero
https://t.co/70DMWdKyLG";MarianitoMaria1;8.993087390686659e+17;Marianito Marianito;0.0;;[{'url': 'https://t.co/70DMWdKyLG', 'expanded_url': 'https://pluralidadz.com/nacion/la-responsabilidad-del-papa-de-ivan-duque-en-el-desastre-de-armero/', 'display_url': 'pluralidadz.com/nacion/la-resp‚Ä¶', 'indices': [84, 107]}]
Fri Dec 17 16:46:05 +0000 2021;43163.0;735.0;;;1471884415945035782;"""Petro nos pondr√° a aguantar hambre""

Julio de 48 a√±os, recoge reciclaje, come dos veces al d√≠a y vot√≥ por Ivan Duque en el 2018.";zaniju;1334677530.0;Zaniju;0.0;;[]
Fri Dec 17 16:45:48 +0000 2021;15245.0;4256.0;;;1471884344520175623;;juanalbertohu11;1.0889347421233357e+18;juan alberto hurtado perez;0.0;;[{'url': 'https://t.co/IeXrPfAGas', 'expanded_url': 'https://www.noticiasrcn.com/colombia/ivan-duque-responde-al-informe-de-la-onu-sobre-derechos-humanos-398619', 'display_url': 'noticiasrcn.com/colombia/ivan-‚Ä¶', 'indices': [86, 109]}]
Fri Dec 17 16:44:58 +0000 2021;6764.0;63.0;;Bacata;1471884132439535624;"""Petro nos pondr√° a aguantar hambre""

Julio de 48 a√±os, recoge reciclaje, come dos veces al d√≠a y vot√≥ por Ivan Duque en el 2018.";JuanSae20241571;1.0834603716069171e+18;El Bogotano;0.0;;[]
Fri Dec 17 16:44:40 +0000 2021;45395.0;838.0;;;1471884058263277574;"Periodista deportivo Ricardo Henao, de comentar deportes a lamerle a Iv√°n Duque
https://t.co/NUwz6TnMv7";juanzasu59139;1.2750854735941714e+18;js;0.0;;[{'url': 'https://t.co/NUwz6TnMv7', 'expanded_url': 'https://pluralidadz.com/economia/periodista-deportivo-ricardo-henao-de-comentar-deportes-a-lamerle-a-ivan-duque/', 'display_url': 'pluralidadz.com/economia/perio‚Ä¶', 'indices': [97, 120]}]
Fri Dec 17 16:44:04 +0000 2021;4176.0;166.0;;;1471883905829593097;"#DeFicoPienso que es la versi√≥n Chirrete y Chabacana de Ivan Duque. 

Un tipo fr√≠volo y superficial que cree que gobernar es tomarse Selfies para instagram. 

Colombia no resiste otro Kardashian Style President.";rinick24;611072965.0;R..;0.0;;[]
Fri Dec 17 16:43:54 +0000 2021;41086.0;1400.0;;üáªüá™;1471883864175955980;"Colombia: 21 militares reconocen el asesinato de 250 civiles, bajo el formato de falsos positivos, pero el que ""dio la orden sigue escondido"" y protegido por Iv√°n Duque.";luisonzales1;1.0916363255628882e+18;@luisonzales;0.0;;[]
Fri Dec 17 16:43:41 +0000 2021;25304.0;3673.0;;Colombia;1471883812556656646;"@IvanDuque @QHARZO El segundo mejor hombre que ha dado esta tierra Sr PTE Iv√°n Duque, el primero y dif√≠cil de superar es el Dr @AlvaroUribeVel √©l est√° y estar√° por encima del Libertador S. Bol√≠var, as√≠ a muchos no les guste
Q tiempos diferentes
Q situaciones diferentes

NO!!

AUV el colombiano #1";yolandag62;1552320199.0;yolandagonzalez;0.0;;[]
Fri Dec 17 16:43:12 +0000 2021;34249.0;1177.0;;MEDELLIN;1471883689504161795;"Periodista deportivo Ricardo Henao, de comentar deportes a lamerle a Iv√°n Duque
https://t.co/NUwz6TnMv7";oscara0516;842225268.0;oscaralvarez;0.0;;[{'url': 'https://t.co/NUwz6TnMv7', 'expanded_url': 'https://pluralidadz.com/economia/periodista-deportivo-ricardo-henao-de-comentar-deportes-a-lamerle-a-ivan-duque/', 'display_url': 'pluralidadz.com/economia/perio‚Ä¶', 'indices': [97, 120]}]
Fri Dec 17 16:43:10 +0000 2021;25304.0;3673.0;;Colombia;1471883679047819267;;yolandag62;1552320199.0;yolandagonzalez;0.0;;[{'url': 'https://t.co/t4DiDG9V2e', 'expanded_url': 'https://twitter.com/i/web/status/1471883679047819267', 'display_url': 'twitter.com/i/web/status/1‚Ä¶', 'indices': [117, 140]}]
Fri Dec 17 16:41:46 +0000 2021;75582.0;500.0;;;1471883329440002056;"La responsabilidad del pap√° de Iv√°n Duque en el desastre de Armero
https://t.co/70DMWdKyLG";Patrici20963126;1.3348546458906173e+18;Patricia Morales;0.0;;[{'url': 'https://t.co/70DMWdKyLG', 'expanded_url': 'https://pluralidadz.com/nacion/la-responsabilidad-del-papa-de-ivan-duque-en-el-desastre-de-armero/', 'display_url': 'pluralidadz.com/nacion/la-resp‚Ä¶', 'indices': [84, 107]}]
Fri Dec 17 16:41:40 +0000 2021;12757.0;388.0;;Valle del Cauca, Colombia;1471883303938670602;"Periodista deportivo Ricardo Henao, de comentar deportes a lamerle a Iv√°n Duque
https://t.co/NUwz6TnMv7";LaConch90293596;1.3889530038944932e+18;Colombia en Alerta Roja;0.0;;[{'url': 'https://t.co/NUwz6TnMv7', 'expanded_url': 'https://pluralidadz.com/economia/periodista-deportivo-ricardo-henao-de-comentar-deportes-a-lamerle-a-ivan-duque/', 'display_url': 'pluralidadz.com/economia/perio‚Ä¶', 'indices': [97, 120]}]
Fri Dec 17 16:40:37 +0000 2021;9111.0;6051.0;;V√©lez-Bogota ;1471883041299746823;Iv√°n Duque üôÑ https://t.co/Y2V1XIMuxI;maritzaaceved11;851785674.0;Maritza Acevedo Ariza;0.0;;[]
Fri Dec 17 16:40:22 +0000 2021;1165.0;1858.0;https://t.co/EI2vSME7wV;Medell√≠n, Colombia.;1471882975994388494;"Iv√°n Duque saca pecho y habla de un ""hecho hist√≥rico"" porque subi√≥ el salario m√≠nimo a $1.000.000 de pesos, lo que no le dice a la gente es que tenemos el salario m√°s bajo de toda la regi√≥n. ¬°Ay Presidente! No le siga mintiendo al pa√≠s. ¬°Respete!";hernandobernal;39535404.0;Hernando Bernal;0.0;;[]
Fri Dec 17 16:39:42 +0000 2021;4471.0;163.0;https://t.co/5mFaNkzYKV;;1471882807291125769;;DerechaColombi1;1.1869965778372116e+18;DERECHA VERDADERA COLOMBIANA;0.0;;[{'url': 'https://t.co/Mr91Qq4Jeo', 'expanded_url': 'https://twitter.com/i/web/status/1471882807291125769', 'display_url': 'twitter.com/i/web/status/1‚Ä¶', 'indices': [117, 140]}]
Fri Dec 17 16:39:00 +0000 2021;49304.0;2153.0;;Rionegro, Colombia;1471882630912258056;"@UriasRondon @MisionONUCol @CICR_co @DefensoriaCol @IvanDuque @CsiviComunes @JEP_Colombia @antonioguterres El fracaso de ivan duque, presidente titere al cual el corrupto ""rey"" condecoro. @ChalecosAmarill";jairoortizo;2518294682.0;JOrtizO;0.0;;[]
Fri Dec 17 16:38:57 +0000 2021;42054.0;1701.0;;La Tierra;1471882621777059842;"Iv√°n Duque saca pecho y habla de un ""hecho hist√≥rico"" porque subi√≥ el salario m√≠nimo a $1.000.000 de pesos, lo que no le dice a la gente es que tenemos el salario m√°s bajo de toda la regi√≥n. ¬°Ay Presidente! No le siga mintiendo al pa√≠s. ¬°Respete!";bamba19551960;9.142743556008714e+17;Jorge;0.0;;[]
Fri Dec 17 16:38:57 +0000 2021;45622.0;1099.0;;Medell√≠n, Colombia;1471882619302383617;"""Petro nos pondr√° a aguantar hambre""

Julio de 48 a√±os, recoge reciclaje, come dos veces al d√≠a y vot√≥ por Ivan Duque en el 2018.";felipemetaute;246605076.0;Felipe Metaute;0.0;;[]
Fri Dec 17 16:38:15 +0000 2021;21.0;87.0;;;1471882444764852241;;Jorge82891214;1.3154004886244557e+18;Jorge;0.0;;[]
Fri Dec 17 16:38:13 +0000 2021;50306.0;180.0;;;1471882437185703937;#Nacional El presidente de la Rep√∫blica, Iv√°n Duque M√°rquez, cit√≥ a sesiones extras en el Congreso de la Rep√∫blica, las cuales se adelantar√°n del 17 al 23 de diciembre, con el fin de tramitar los proyectos con mensaje de urgencia radicados por el Gobierno. https://t.co/5cl9P0vNTD;pililopezponce1;2898639173.0;Pilar Ponce de Leon;0.0;;[]
Fri Dec 17 16:37:12 +0000 2021;1485.0;391.0;;Medell√≠n, Colombia;1471882180976590849;;Mamertoteles71;1.4476319506682511e+18;David;0.0;;[{'url': 'https://t.co/02P892IlCe', 'expanded_url': 'https://twitter.com/i/web/status/1471882180976590849', 'display_url': 'twitter.com/i/web/status/1‚Ä¶', 'indices': [117, 140]}]
Fri Dec 17 16:36:56 +0000 2021;16717.0;13151.0;https://t.co/kaSKDZq0QJ;Medellin Antioquia;1471882111120457736;;AnalisisUrbano;2853492725.0;An√°lisis Urbano;0.0;;[{'url': 'https://t.co/WJBrD2g028', 'expanded_url': 'https://twitter.com/i/web/status/1471882111120457736', 'display_url': 'twitter.com/i/web/status/1‚Ä¶', 'indices': [117, 140]}]
Fri Dec 17 16:36:37 +0000 2021;13343.0;2991.0;https://t.co/poAdpp3SuT;En Alguna FosaComun Colombiana;1471882031596548106;"Iv√°n Duque esta de acuerdo en que Fico Gut√≠errez sea el candidato del uribismo a la presidencia.
La raz√≥n, en caso de que gane, Duque no ser√≠a el peor presidente de Colombia, le sederia el fat√≠dico puesto a Fico.";r_sleon;1.3888809331856384e+18;SrLe√≥nüåΩü•ëüêùüå≥üåéüá®üá¥üáªüá™‚úä;0.0;;[]
Fri Dec 17 16:35:40 +0000 2021;1966.0;2435.0;;Caracas;1471881792164614153;"Colombia: 21 militares reconocen el asesinato de 250 civiles, bajo el formato de falsos positivos, pero el que ""dio la orden sigue escondido"" y protegido por Iv√°n Duque.";cirozcarrillod;1275923455.0;ciro carrillo;0.0;;[]
Fri Dec 17 16:35:04 +0000 2021;16704.0;1023.0;;;1471881643245854722;"La responsabilidad del pap√° de Iv√°n Duque en el desastre de Armero
https://t.co/70DMWdKyLG";carlos51407908;1.402793049244242e+18;Juan de Dios Romero;0.0;;[{'url': 'https://t.co/70DMWdKyLG', 'expanded_url': 'https://pluralidadz.com/nacion/la-responsabilidad-del-papa-de-ivan-duque-en-el-desastre-de-armero/', 'display_url': 'pluralidadz.com/nacion/la-resp‚Ä¶', 'indices': [84, 107]}]
Fri Dec 17 16:35:03 +0000 2021;43203.0;518.0;;;1471881637122166785;"Iv√°n Duque saca pecho y habla de un ""hecho hist√≥rico"" porque subi√≥ el salario m√≠nimo a $1.000.000 de pesos, lo que no le dice a la gente es que tenemos el salario m√°s bajo de toda la regi√≥n. ¬°Ay Presidente! No le siga mintiendo al pa√≠s. ¬°Respete!";hgcrashfire;9.881949820865618e+17;Henry;0.0;;[]
Fri Dec 17 16:34:51 +0000 2021;201.0;45.0;;;1471881589474963459;"Hola Ivan Duque, varias cosas: lo primero es que Sim√≥n Bol√≠var ""El Libertador"", no muri√≥, su esp√≠ritu se mantiene vivo entre los pueblos que luchan contra el imperio que siempre nos alert√≥. Tu no sabes de eso, porque tu eres un lacayo de EEUU. https://t.co/MCS5wcIgB9";LucasGa28327898;1.3217986454365676e+18;Lucas Gallego;0.0;;[]
Fri Dec 17 16:33:56 +0000 2021;2542.0;203.0;https://t.co/gVpH0iUuLH;Colombia;1471881358691688452;#Regional | El Presidente Iv√°n Duque, junto con el mandatario ecuatoriano, Guillermo Lasso, y dem√°s funcionarios de gabinete de ambos gobiernos en la apertura del Encuentro Presidencial Binacional en Cartagena. https://t.co/lpPcTc3zEc;WRadioColombia;20560294.0;W Radio Colombia;1.0;;[]
Fri Dec 17 16:33:23 +0000 2021;83580.0;771.0;;miami;1471881221034680320;"La responsabilidad del pap√° de Iv√°n Duque en el desastre de Armero
https://t.co/70DMWdKyLG";marieto05;139753896.0;mario f giron;0.0;;[{'url': 'https://t.co/70DMWdKyLG', 'expanded_url': 'https://pluralidadz.com/nacion/la-responsabilidad-del-papa-de-ivan-duque-en-el-desastre-de-armero/', 'display_url': 'pluralidadz.com/nacion/la-resp‚Ä¶', 'indices': [84, 107]}]
Fri Dec 17 16:32:52 +0000 2021;164218.0;3768.0;;Rionegro, Colombia;1471881090948374555;;ladelasgafasneg;1170310964.0;Suzanna M@tthos;0.0;;[{'url': 'https://t.co/Y2V1XIMuxI', 'expanded_url': 'https://twitter.com/PerezMorantes/status/1471879213649125383', 'display_url': 'twitter.com/PerezMorantes/‚Ä¶', 'indices': [13, 36]}]
Fri Dec 17 16:32:28 +0000 2021;1837.0;16.0;;;1471880988569575441;"Iv√°n Duque esta de acuerdo en que Fico Gut√≠errez sea el candidato del uribismo a la presidencia.
La raz√≥n, en caso de que gane, Duque no ser√≠a el peor presidente de Colombia, le sederia el fat√≠dico puesto a Fico.";CesarAu30421056;1.4339142175523922e+18;CAMO;0.0;;[]
Fri Dec 17 16:32:10 +0000 2021;50757.0;1526.0;; DE BOYACA EN LOS CAMPOS;1471880913470509060;ULTIMA HORA: Ivan Duque decide subirse el salario $3‚Äô650.000 pesos para el a√±o 2022. https://t.co/HjdrZVjMkq;juan017ma;221119656.0;juan manuel caceres;0.0;;[]
Fri Dec 17 16:31:49 +0000 2021;0.0;1.0;https://t.co/M0mzBoOrSH;;1471880824723288072;;AlertasW;1.2979352719090442e+18;Alertas W;0.0;;[{'url': 'https://t.co/QaNeYkxffU', 'expanded_url': 'https://twitter.com/i/web/status/1471880824723288072', 'display_url': 'twitter.com/i/web/status/1‚Ä¶', 'indices': [117, 140]}]
Fri Dec 17 16:31:08 +0000 2021;13119.0;114.0;;Bogota D.C;1471880652186431493;"""Petro nos pondr√° a aguantar hambre""

Julio de 48 a√±os, recoge reciclaje, come dos veces al d√≠a y vot√≥ por Ivan Duque en el 2018.";Casmilus23;406288007.0;No Cami, No party!;0.0;;[]
Fri Dec 17 16:30:29 +0000 2021;210.0;50.0;https://t.co/Cb7zx77qZd;Calle21#19-65 barrio san pedro;1471880490009382920;;AlvaroAndrsMen1;1.2807587779150275e+18;Alvaro Andr√©s Mendoza S√°nchez;0.0;;[{'url': 'https://t.co/8j4vmTOvXz', 'expanded_url': 'https://twitter.com/i/web/status/1471880490009382920', 'display_url': 'twitter.com/i/web/status/1‚Ä¶', 'indices': [117, 140]}]
Fri Dec 17 16:30:26 +0000 2021;11176.0;3029.0;;CUALQUIER LUGAR DE COLOMBIA;1471880476390526977;;saularte;141416612.0;‚ô´¬ßA√öL RODR√çGUEZ;0.0;;[]
Fri Dec 17 16:30:24 +0000 2021;3276.0;305.0;https://t.co/5LnU2izCDC;Bogot√°;1471880467725041674;;consultor_salud;328014472.0;consultorsalud;0.0;;[{'url': 'https://t.co/3ai9xdt0zX', 'expanded_url': 'https://twitter.com/i/web/status/1471880467725041674', 'display_url': 'twitter.com/i/web/status/1‚Ä¶', 'indices': [117, 140]}]
Fri Dec 17 16:30:17 +0000 2021;201.0;45.0;;;1471880440004939781;"Colombia: 21 militares reconocen el asesinato de 250 civiles, bajo el formato de falsos positivos, pero el que ""dio la orden sigue escondido"" y protegido por Iv√°n Duque.";LucasGa28327898;1.3217986454365676e+18;Lucas Gallego;0.0;;[]
Fri Dec 17 16:29:53 +0000 2021;11176.0;3029.0;;CUALQUIER LUGAR DE COLOMBIA;1471880337873674246;;saularte;141416612.0;‚ô´¬ßA√öL RODR√çGUEZ;0.0;;[]
Fri Dec 17 16:29:14 +0000 2021;439.0;961.0;;Eje Cafetero-Colombia;1471880175466000388;#Nacional El presidente de la Rep√∫blica, Iv√°n Duque M√°rquez, cit√≥ a sesiones extras en el Congreso de la Rep√∫blica, las cuales se adelantar√°n del 17 al 23 de diciembre, con el fin de tramitar los proyectos con mensaje de urgencia radicados por el Gobierno. https://t.co/5cl9P0vNTD;jotaoheredia;194389750.0;J.O.Heredia Arbelaez;0.0;;[]
Fri Dec 17 16:29:06 +0000 2021;4.0;31.0;;;1471880139139076109;"""Petro nos pondr√° a aguantar hambre""

Julio de 48 a√±os, recoge reciclaje, come dos veces al d√≠a y vot√≥ por Ivan Duque en el 2018.";Tigu_Torres;1.389301563169071e+18;Juan Torres;0.0;;[]
Fri Dec 17 16:29:00 +0000 2021;11176.0;3029.0;;CUALQUIER LUGAR DE COLOMBIA;1471880117488078849;;saularte;141416612.0;‚ô´¬ßA√öL RODR√çGUEZ;0.0;;[]
Fri Dec 17 16:28:51 +0000 2021;483.0;1750.0;https://t.co/crnLf8i7xf;Quito - Ecuador;1471880079957536770;;ecuainm_oficial;42479903.0;Ecuadorinmediato;0.0;;[{'url': 'https://t.co/1yJj3Y7v3p', 'expanded_url': 'https://youtu.be/HmckPk5EkQE', 'display_url': 'youtu.be/HmckPk5EkQE', 'indices': [64, 87]}]
Fri Dec 17 16:28:14 +0000 2021;11601.0;395.0;;bogota;1471879924797616134;"Iv√°n Duque saca pecho y habla de un ""hecho hist√≥rico"" porque subi√≥ el salario m√≠nimo a $1.000.000 de pesos, lo que no le dice a la gente es que tenemos el salario m√°s bajo de toda la regi√≥n. ¬°Ay Presidente! No le siga mintiendo al pa√≠s. ¬°Respete!";nidantonio;508227469.0;NID ANTONIO ARIAS;0.0;;[]
Fri Dec 17 16:28:01 +0000 2021;71815.0;1452.0;https://t.co/7763a6gSRT;The Moon;1471879867520237578;Para los sorprendidos con el anuncio de Iv√°n Duque en relaci√≥n con Providence Therapeutics / VaxThera / Grupo Sura... algunos lo advertimos desde hace tiempo y los incautos se rieron... https://t.co/Lp6qBXocEk;blockchainw0men;119357404.0;MELB ‚àû/21M‚ö°;0.0;;[]
Fri Dec 17 16:27:52 +0000 2021;4919.0;2332.0;;;1471879829595303946;"Periodista deportivo Ricardo Henao, de comentar deportes a lamerle a Iv√°n Duque
https://t.co/NUwz6TnMv7";eduquescobar;299820080.0;eduque;0.0;;[{'url': 'https://t.co/NUwz6TnMv7', 'expanded_url': 'https://pluralidadz.com/economia/periodista-deportivo-ricardo-henao-de-comentar-deportes-a-lamerle-a-ivan-duque/', 'display_url': 'pluralidadz.com/economia/perio‚Ä¶', 'indices': [97, 120]}]
Fri Dec 17 16:26:44 +0000 2021;36187.0;731.0;;Bogot√°, D.C., Colombia;1471879544768507909;"Iv√°n Duque saca pecho y habla de un ""hecho hist√≥rico"" porque subi√≥ el salario m√≠nimo a $1.000.000 de pesos, lo que no le dice a la gente es que tenemos el salario m√°s bajo de toda la regi√≥n. ¬°Ay Presidente! No le siga mintiendo al pa√≠s. ¬°Respete!";jecastaneda08;505191589.0;Jaime Casta√±eda;0.0;;[]
Fri Dec 17 16:26:35 +0000 2021;139034.0;4322.0;;;1471879505736257546;"""Petro nos pondr√° a aguantar hambre""

Julio de 48 a√±os, recoge reciclaje, come dos veces al d√≠a y vot√≥ por Ivan Duque en el 2018.";jhmw_skjw_anku;1.1005261151086756e+18;üåòü¶âüêçüåü;0.0;;[]
Fri Dec 17 16:26:06 +0000 2021;41443.0;141.0;;;1471879385158504452;"""Petro nos pondr√° a aguantar hambre""

Julio de 48 a√±os, recoge reciclaje, come dos veces al d√≠a y vot√≥ por Ivan Duque en el 2018.";bermudeztangar1;1.205963441393021e+18;bermudeztangarife57@icloud.com;0.0;;[]
Fri Dec 17 16:25:52 +0000 2021;11832.0;633.0;;;1471879328011071491;"""Petro nos pondr√° a aguantar hambre""

Julio de 48 a√±os, recoge reciclaje, come dos veces al d√≠a y vot√≥ por Ivan Duque en el 2018.";StevensonQuint1;1.1991187081590006e+18;Stevenson Quintero;0.0;;[]
Fri Dec 17 16:25:44 +0000 2021;156796.0;879.0;;Medell√≠n, Colombia;1471879292976087040;"Periodista deportivo Ricardo Henao, de comentar deportes a lamerle a Iv√°n Duque
https://t.co/NUwz6TnMv7";William863Ortiz;1591938450.0;wortiz;0.0;;[{'url': 'https://t.co/NUwz6TnMv7', 'expanded_url': 'https://pluralidadz.com/economia/periodista-deportivo-ricardo-henao-de-comentar-deportes-a-lamerle-a-ivan-duque/', 'display_url': 'pluralidadz.com/economia/perio‚Ä¶', 'indices': [97, 120]}]
Fri Dec 17 16:25:43 +0000 2021;23345.0;452.0;;;1471879291503796227;"""Petro nos pondr√° a aguantar hambre""

Julio de 48 a√±os, recoge reciclaje, come dos veces al d√≠a y vot√≥ por Ivan Duque en el 2018.";JuanCaV09145788;1.2913965167756288e+18;JuanCa.Vargas;0.0;;[]
Fri Dec 17 16:25:20 +0000 2021;40177.0;3341.0;;LaColombiaReal;1471879191503446018;"Iv√°n Duque saca pecho y habla de un ""hecho hist√≥rico"" porque subi√≥ el salario m√≠nimo a $1.000.000 de pesos, lo que no le dice a la gente es que tenemos el salario m√°s bajo de toda la regi√≥n. ¬°Ay Presidente! No le siga mintiendo al pa√≠s. ¬°Respete!";UnTal_NN;1.27634408670276e+18;NN;0.0;;[]
Fri Dec 17 16:25:15 +0000 2021;64115.0;3328.0;;cali colombiaP;1471879170699448325;#Nacional El presidente de la Rep√∫blica, Iv√°n Duque M√°rquez, cit√≥ a sesiones extras en el Congreso de la Rep√∫blica, las cuales se adelantar√°n del 17 al 23 de diciembre, con el fin de tramitar los proyectos con mensaje de urgencia radicados por el Gobierno. https://t.co/5cl9P0vNTD;janethmartine14;748252130.0;JaneTh MarTineZ;0.0;;[]
Fri Dec 17 16:25:10 +0000 2021;55455.0;964.0;;;1471879151355404292;"La responsabilidad del pap√° de Iv√°n Duque en el desastre de Armero
https://t.co/70DMWdKyLG";dueo_emo;8.480207035217551e+17;FerNanD0;0.0;;[{'url': 'https://t.co/70DMWdKyLG', 'expanded_url': 'https://pluralidadz.com/nacion/la-responsabilidad-del-papa-de-ivan-duque-en-el-desastre-de-armero/', 'display_url': 'pluralidadz.com/nacion/la-resp‚Ä¶', 'indices': [84, 107]}]
Fri Dec 17 16:24:16 +0000 2021;2175.0;1019.0;;;1471878923302617090;üî• #AHORA üî• Presidente de Nicaragua, Comandante Daniel Ortega, condena que el dictador Iv√°n Duque se atreva a hablar de derechos humanos cuando en #Colombia diariamente se asesinan l√≠deres sociales, maestros, autoridades locales y as√≠ pretenden dar lecciones a Nicaragua #viral https://t.co/9fk7DqLrv0;romerovt27;1.4381613742454948e+18;Romero VT;0.0;;[]
Fri Dec 17 16:24:13 +0000 2021;95774.0;91.0;;;1471878910170251267;"""Petro nos pondr√° a aguantar hambre""

Julio de 48 a√±os, recoge reciclaje, come dos veces al d√≠a y vot√≥ por Ivan Duque en el 2018.";carlitosecheve;389705467.0;Carlitos;0.0;;[]
Fri Dec 17 16:24:04 +0000 2021;11176.0;3029.0;;CUALQUIER LUGAR DE COLOMBIA;1471878874690695171;;saularte;141416612.0;‚ô´¬ßA√öL RODR√çGUEZ;0.0;;[]
Fri Dec 17 16:23:33 +0000 2021;35582.0;4995.0;;colombia;1471878744549773317;"Iv√°n Duque saca pecho y habla de un ""hecho hist√≥rico"" porque subi√≥ el salario m√≠nimo a $1.000.000 de pesos, lo que no le dice a la gente es que tenemos el salario m√°s bajo de toda la regi√≥n. ¬°Ay Presidente! No le siga mintiendo al pa√≠s. ¬°Respete!";fabian250275;141422855.0;fabian rodriguez;0.0;;[]
Fri Dec 17 16:22:44 +0000 2021;78057.0;1373.0;;Ibagu√©, Colombia;1471878540744445967;"La responsabilidad del pap√° de Iv√°n Duque en el desastre de Armero
https://t.co/70DMWdKyLG";pablomurciap;733487125.0;pablo murcia p;0.0;;[{'url': 'https://t.co/70DMWdKyLG', 'expanded_url': 'https://pluralidadz.com/nacion/la-responsabilidad-del-papa-de-ivan-duque-en-el-desastre-de-armero/', 'display_url': 'pluralidadz.com/nacion/la-resp‚Ä¶', 'indices': [84, 107]}]
Fri Dec 17 16:22:27 +0000 2021;14920.0;158.0;;Panam√° ;1471878466098405380;"Daniel Ortega dijo que Colombia ""es un narco-Estado"" y critic√≥ a su hom√≥logo colombiano, Iv√°n Duque, por cuestionar a su Gobierno. #Colombia #Nicaragua https://t.co/UlWPgC2HZv";SolanillaSonia;2336688166.0;sonia solanilla;0.0;;[]
Fri Dec 17 16:22:14 +0000 2021;42403.0;302.0;;;1471878412642009094;"""Petro nos pondr√° a aguantar hambre""

Julio de 48 a√±os, recoge reciclaje, come dos veces al d√≠a y vot√≥ por Ivan Duque en el 2018.";gusrodri1981;1466310332.0;Gustav A Rodriguez S;0.0;;[]
Fri Dec 17 16:21:52 +0000 2021;17744.0;1043.0;;Bogot√°, D.C., Colombia;1471878322737106957;"Periodista deportivo Ricardo Henao, de comentar deportes a lamerle a Iv√°n Duque
https://t.co/NUwz6TnMv7";arielestupinan8;1.4320473683634586e+18;Arielestupinan8;0.0;;[{'url': 'https://t.co/NUwz6TnMv7', 'expanded_url': 'https://pluralidadz.com/economia/periodista-deportivo-ricardo-henao-de-comentar-deportes-a-lamerle-a-ivan-duque/', 'display_url': 'pluralidadz.com/economia/perio‚Ä¶', 'indices': [97, 120]}]
Fri Dec 17 16:21:49 +0000 2021;21957.0;458.0;;;1471878308342206470;@Yohana_Nerta @IvanDuque Iv√°n Duque  es una persona asquerosa...;wilar518;3097129313.0;WILAR;0.0;;[]
Fri Dec 17 16:21:43 +0000 2021;33647.0;1817.0;;;1471878283654537219;QUE DIRA DIRA DE ESTO EL NARCOPRESIDENTE IVAN PORKY DUQUE Y TANTA MENTIRAS QUE HABLA DE VENEZUELA https://t.co/ZStPeJvj7P;col_andry;3025617484.0;el cuadrado;0.0;;[]
Fri Dec 17 16:21:25 +0000 2021;91539.0;238.0;https://t.co/BEiB6hi7w5;Bogot√°, D.C., Colombia;1471878209423790092;"""Petro nos pondr√° a aguantar hambre""

Julio de 48 a√±os, recoge reciclaje, come dos veces al d√≠a y vot√≥ por Ivan Duque en el 2018.";Telepodcas;2898717856.0;Tele Podcast;0.0;;[]
Fri Dec 17 16:21:04 +0000 2021;50891.0;859.0;;;1471878120772755456;üö®‚ö†Ô∏è #Lo√öltimo | Un d√≠a despu√©s de las votaciones de Daniel Ortega, el presidente de Colombia Iv√°n Duque dijo que no reconocer√≠an esos resultados.  https://t.co/IYTFBgJNOT;Ev53053414;1.0161416945158595e+18;Jolemi;0.0;;[]
Fri Dec 17 16:20:58 +0000 2021;21.0;785.0;;en alg√∫n lugar del Universo ;1471878095766536197;"La responsabilidad del pap√° de Iv√°n Duque en el desastre de Armero
https://t.co/70DMWdKyLG";Lula60257645;1.4269598691905905e+18;Lula;0.0;;[{'url': 'https://t.co/70DMWdKyLG', 'expanded_url': 'https://pluralidadz.com/nacion/la-responsabilidad-del-papa-de-ivan-duque-en-el-desastre-de-armero/', 'display_url': 'pluralidadz.com/nacion/la-resp‚Ä¶', 'indices': [84, 107]}]
Fri Dec 17 16:20:47 +0000 2021;374241.0;1022.0;;Marinilla, Colombia;1471878050170257409;Es hora de que el gobierno de Iv√°n Duque elimine la visa que le permite a la terrorista internacional Tanja Nijmeijer estar en Colombia. https://t.co/LlHWG5ocrP;MarioLenCorrea1;4380308716.0;Mario Le√≥n Correa B;0.0;;[]
Fri Dec 17 16:20:27 +0000 2021;11176.0;3029.0;;CUALQUIER LUGAR DE COLOMBIA;1471877963381620743;;saularte;141416612.0;‚ô´¬ßA√öL RODR√çGUEZ;0.0;;[]
Fri Dec 17 16:19:14 +0000 2021;7787.0;3863.0;;Maracaibo, Venezuela;1471877659399532552;;ylichcarvajal;115678255.0;ylich carvajal centeno;0.0;;[]
Fri Dec 17 16:19:06 +0000 2021;32896.0;868.0;;;1471877624997847043;"""Petro nos pondr√° a aguantar hambre""

Julio de 48 a√±os, recoge reciclaje, come dos veces al d√≠a y vot√≥ por Ivan Duque en el 2018.";AmparoJ76146936;1.4204716463522488e+18;belen1960;0.0;;[]
Fri Dec 17 16:18:53 +0000 2021;11176.0;3029.0;;CUALQUIER LUGAR DE COLOMBIA;1471877571642109962;;saularte;141416612.0;‚ô´¬ßA√öL RODR√çGUEZ;0.0;;[]
Fri Dec 17 16:18:41 +0000 2021;1712.0;630.0;;;1471877518076440577;Este es el Iv√°n Duque por el que vot√©. ¬øD√≥nde se meti√≥ estos tres a√±os? https://t.co/ESGhizK72h;edardoc12;569541248.0;Edgardo Cervantes;0.0;;[]
Fri Dec 17 16:18:15 +0000 2021;2194.0;541.0;;Barinas, Venezuela;1471877409855131657;QUE DIRA DIRA DE ESTO EL NARCOPRESIDENTE IVAN PORKY DUQUE Y TANTA MENTIRAS QUE HABLA DE VENEZUELA https://t.co/ZStPeJvj7P;elmarruga1970;4538390841.0;manuel rodriguez;0.0;;[]
Fri Dec 17 16:18:13 +0000 2021;9423.0;4580.0;;La Habana, Cuba.;1471877403014320130;"Por pura casualidad el fiscal que investigaba los robos del Rey Em√©rito de Espa√±a ha muerto cuando regresaba a su casa... 
¬øTendr√° esto algo que ver con los premios que recien le ha entregado la corona a Iv√°n Duque? ü§î";ManuelG25692506;1.1101523134009057e+18;Manuel Gonz√°lez;0.0;;[]
Fri Dec 17 16:18:12 +0000 2021;188.0;2381.0;;Boyac√°, Colombia;1471877397993644038;"Periodista deportivo Ricardo Henao, de comentar deportes a lamerle a Iv√°n Duque
https://t.co/NUwz6TnMv7";porboyaca;2180320802.0;Luis Silva ‚Äè‚Äé‚ÄéŸÑŸàŸäÿ≥ ÿßŸÑÿ®Ÿäÿ±ÿ™Ÿà;0.0;;[{'url': 'https://t.co/NUwz6TnMv7', 'expanded_url': 'https://pluralidadz.com/economia/periodista-deportivo-ricardo-henao-de-comentar-deportes-a-lamerle-a-ivan-duque/', 'display_url': 'pluralidadz.com/economia/perio‚Ä¶', 'indices': [97, 120]}]
Fri Dec 17 16:18:11 +0000 2021;134929.0;7784.0;https://t.co/Iso3lMECWE;Bogot√°, D.C., Colombia;1471877395833569282;;oskarciber;400466210.0;OSCAR RODRIGUEZ;0.0;;[{'url': 'https://t.co/b9T68Cwpio', 'expanded_url': 'https://twitter.com/i/web/status/1471877395833569282', 'display_url': 'twitter.com/i/web/status/1‚Ä¶', 'indices': [117, 140]}]
Fri Dec 17 16:17:58 +0000 2021;12142.0;1662.0;https://t.co/EBZbSF3DQN;Panam√°;1471877339990605826;;PanamaAmerica;250341631.0;Panam√°Am√©rica;1.0;;[{'url': 'https://t.co/JblruW3UWB', 'expanded_url': 'https://twitter.com/i/web/status/1471877339990605826', 'display_url': 'twitter.com/i/web/status/1‚Ä¶', 'indices': [117, 140]}]
Fri Dec 17 16:17:46 +0000 2021;117200.0;709.0;;;1471877289185099783;Federico Guti√©rrez es peor que Iv√°n Duque. No tengo pruebas, pero tampoco dudas.;JohnMora27;1.0677674140567183e+18;John Mora;0.0;;[]
Fri Dec 17 16:17:39 +0000 2021;11176.0;3029.0;;CUALQUIER LUGAR DE COLOMBIA;1471877261058088961;;saularte;141416612.0;‚ô´¬ßA√öL RODR√çGUEZ;0.0;;[]
Fri Dec 17 16:17:33 +0000 2021;132110.0;1332.0;;Colombia;1471877236353605639;"Periodista deportivo Ricardo Henao, de comentar deportes a lamerle a Iv√°n Duque
https://t.co/NUwz6TnMv7";cezmx;109569598.0;Ô£ø TheBeyonder Ô£ø;0.0;;[{'url': 'https://t.co/NUwz6TnMv7', 'expanded_url': 'https://pluralidadz.com/economia/periodista-deportivo-ricardo-henao-de-comentar-deportes-a-lamerle-a-ivan-duque/', 'display_url': 'pluralidadz.com/economia/perio‚Ä¶', 'indices': [97, 120]}]
Fri Dec 17 16:17:12 +0000 2021;246.0;17.0;;;1471877144670314498;¬øPara el #TopDePoliticosLocos califica Iv√°n Duque o solo se le debe considerar loco? https://t.co/uWaInjuTov;clararo51;7.59587798504575e+17;Clara Rodriguez;0.0;;[]
Fri Dec 17 16:17:07 +0000 2021;102675.0;8335.0;;Cali, Colombia;1471877125233860608;"Periodista deportivo Ricardo Henao, de comentar deportes a lamerle a Iv√°n Duque
https://t.co/NUwz6TnMv7";reyunico1;304661260.0;Reinaldo Cruz B;0.0;;[{'url': 'https://t.co/NUwz6TnMv7', 'expanded_url': 'https://pluralidadz.com/economia/periodista-deportivo-ricardo-henao-de-comentar-deportes-a-lamerle-a-ivan-duque/', 'display_url': 'pluralidadz.com/economia/perio‚Ä¶', 'indices': [97, 120]}]
Fri Dec 17 16:17:01 +0000 2021;172564.0;1501.0;;Venezuela;1471877099204005904;"Colombia: 21 militares reconocen el asesinato de 250 civiles, bajo el formato de falsos positivos, pero el que ""dio la orden sigue escondido"" y protegido por Iv√°n Duque.";karlina1985;153610915.0;üëÜKarlina MachadoüëÜ;0.0;;[]
Fri Dec 17 16:16:39 +0000 2021;7032.0;715.0;;;1471877009873715209;"@IvanDuque Ahh!! üëè No puedo estar m√°s de acuerdo con las palabras del presidente Iv√°n Duque. 

Criminales hoy vestidos de parlamentarios dando c√°tedra de honor. Hablando en plaza p√∫blica y escribiendo trinos con las manos manchadas de sangre. Deber√≠an coserse la boca y amputarse las manos.";lfcordoba1;1504266877.0;Francesco C√≥rdoba;0.0;;[]
Fri Dec 17 16:16:38 +0000 2021;11176.0;3029.0;;CUALQUIER LUGAR DE COLOMBIA;1471877002005200906;;saularte;141416612.0;‚ô´¬ßA√öL RODR√çGUEZ;0.0;;[]
Fri Dec 17 16:16:24 +0000 2021;11.0;238.0;;;1471876943079481353;"""Petro nos pondr√° a aguantar hambre""

Julio de 48 a√±os, recoge reciclaje, come dos veces al d√≠a y vot√≥ por Ivan Duque en el 2018.";JosLuisAngarita;9.74777525284098e+17;Jos√© Luis Angarita Maldonado;0.0;;[]
Fri Dec 17 16:16:05 +0000 2021;32896.0;868.0;;;1471876863966560258;"Periodista deportivo Ricardo Henao, de comentar deportes a lamerle a Iv√°n Duque
https://t.co/NUwz6TnMv7";AmparoJ76146936;1.4204716463522488e+18;belen1960;0.0;;[{'url': 'https://t.co/NUwz6TnMv7', 'expanded_url': 'https://pluralidadz.com/economia/periodista-deportivo-ricardo-henao-de-comentar-deportes-a-lamerle-a-ivan-duque/', 'display_url': 'pluralidadz.com/economia/perio‚Ä¶', 'indices': [97, 120]}]
Fri Dec 17 16:15:43 +0000 2021;8241.0;300.0;;;1471876774799806466;"La responsabilidad del pap√° de Iv√°n Duque en el desastre de Armero
https://t.co/70DMWdKyLG";realidadimparc1;1.3962147768633385e+18;@realidadimparcialcolombia;0.0;;[{'url': 'https://t.co/70DMWdKyLG', 'expanded_url': 'https://pluralidadz.com/nacion/la-responsabilidad-del-papa-de-ivan-duque-en-el-desastre-de-armero/', 'display_url': 'pluralidadz.com/nacion/la-resp‚Ä¶', 'indices': [84, 107]}]
Fri Dec 17 16:15:25 +0000 2021;42457.0;430.0;;Bogot√°, D.C., Colombia;1471876696072769538;"La responsabilidad del pap√° de Iv√°n Duque en el desastre de Armero
https://t.co/70DMWdKyLG";jv26jose_vicent;9.764351038229504e+17;Jose Vicente Bermudez Villamizar üöÑüå≥üë©‚Äçüéì;0.0;;[{'url': 'https://t.co/70DMWdKyLG', 'expanded_url': 'https://pluralidadz.com/nacion/la-responsabilidad-del-papa-de-ivan-duque-en-el-desastre-de-armero/', 'display_url': 'pluralidadz.com/nacion/la-resp‚Ä¶', 'indices': [84, 107]}]
Fri Dec 17 16:15:08 +0000 2021;30347.0;178.0;;;1471876627051208707;"Periodista deportivo Ricardo Henao, de comentar deportes a lamerle a Iv√°n Duque
https://t.co/NUwz6TnMv7";cabeltranb;395631094.0;Charlie;0.0;;[{'url': 'https://t.co/NUwz6TnMv7', 'expanded_url': 'https://pluralidadz.com/economia/periodista-deportivo-ricardo-henao-de-comentar-deportes-a-lamerle-a-ivan-duque/', 'display_url': 'pluralidadz.com/economia/perio‚Ä¶', 'indices': [97, 120]}]
Fri Dec 17 16:15:02 +0000 2021;8651.0;928.0;;Meta, Colombia;1471876599675068419;"Periodista deportivo Ricardo Henao, de comentar deportes a lamerle a Iv√°n Duque
https://t.co/NUwz6TnMv7";elcoronetas;1.397372879935877e+18;Juan Coronetas;0.0;;[{'url': 'https://t.co/NUwz6TnMv7', 'expanded_url': 'https://pluralidadz.com/economia/periodista-deportivo-ricardo-henao-de-comentar-deportes-a-lamerle-a-ivan-duque/', 'display_url': 'pluralidadz.com/economia/perio‚Ä¶', 'indices': [97, 120]}]
Fri Dec 17 16:14:54 +0000 2021;32457.0;2267.0;;;1471876567177515019;"Iv√°n Duque saca pecho y habla de un ""hecho hist√≥rico"" porque subi√≥ el salario m√≠nimo a $1.000.000 de pesos, lo que no le dice a la gente es que tenemos el salario m√°s bajo de toda la regi√≥n. ¬°Ay Presidente! No le siga mintiendo al pa√≠s. ¬°Respete!";ugogarciap;265118791.0;Hugo Garcia;0.0;;[]
Fri Dec 17 16:14:08 +0000 2021;11176.0;3029.0;;CUALQUIER LUGAR DE COLOMBIA;1471876376278052870;;saularte;141416612.0;‚ô´¬ßA√öL RODR√çGUEZ;0.0;;[]
Fri Dec 17 16:14:01 +0000 2021;1184.0;1405.0;;;1471876345076588547;"La responsabilidad del pap√° de Iv√°n Duque en el desastre de Armero
https://t.co/70DMWdKyLG";JohnnyAS2018;9.839271448364851e+17;JSalazar;0.0;;[{'url': 'https://t.co/70DMWdKyLG', 'expanded_url': 'https://pluralidadz.com/nacion/la-responsabilidad-del-papa-de-ivan-duque-en-el-desastre-de-armero/', 'display_url': 'pluralidadz.com/nacion/la-resp‚Ä¶', 'indices': [84, 107]}]
Fri Dec 17 16:14:00 +0000 2021;43090.0;6794.0;;;1471876342287327234;https://t.co/yAPmgNuYEH;Time55256;1.2751514466699633e+18;The Time/1;0.0;;[{'url': 'https://t.co/yAPmgNuYEH', 'expanded_url': 'https://pluralidadz.com/economia/periodista-deportivo-ricardo-henao-de-comentar-deportes-a-lamerle-a-ivan-duque/', 'display_url': 'pluralidadz.com/economia/perio‚Ä¶', 'indices': [18, 41]}]
Fri Dec 17 16:13:55 +0000 2021;113373.0;511.0;;Pereira;1471876320078487562;"Iv√°n Duque saca pecho y habla de un ""hecho hist√≥rico"" porque subi√≥ el salario m√≠nimo a $1.000.000 de pesos, lo que no le dice a la gente es que tenemos el salario m√°s bajo de toda la regi√≥n. ¬°Ay Presidente! No le siga mintiendo al pa√≠s. ¬°Respete!";Ocajai;467037946.0;JAIME OCAMPO;0.0;;[]
Fri Dec 17 16:13:16 +0000 2021;11176.0;3029.0;;CUALQUIER LUGAR DE COLOMBIA;1471876157524033544;;saularte;141416612.0;‚ô´¬ßA√öL RODR√çGUEZ;0.0;;[]
Fri Dec 17 16:13:07 +0000 2021;5315.0;553.0;;;1471876117070024707;;basic_observer;1.325226125954605e+18;BasicObserver;0.0;;[{'url': 'https://t.co/veO6KY7QgY', 'expanded_url': 'https://twitter.com/i/web/status/1471876117070024707', 'display_url': 'twitter.com/i/web/status/1‚Ä¶', 'indices': [117, 140]}]
Fri Dec 17 16:13:02 +0000 2021;890.0;338.0;;T√°chira, Venezuela;1471876097713348616;"El Gobierno de Colombia firm√≥ un Memorando de entendimiento con Providence y VaxThera con el objetivo de generar el desarrollo de vacunas en nuestro pa√≠s.
https://t.co/wUsrp6UI6E";jerson1961ucv;3057395416.0;Jos√© Jerson Leal;0.0;;[]
Fri Dec 17 16:12:55 +0000 2021;11176.0;3029.0;;CUALQUIER LUGAR DE COLOMBIA;1471876066767781896;;saularte;141416612.0;‚ô´¬ßA√öL RODR√çGUEZ;0.0;;[]
Fri Dec 17 16:11:58 +0000 2021;2747.0;128.0;;;1471875827537227783;üî• #AHORA üî• Presidente de Nicaragua, Comandante Daniel Ortega, condena que el dictador Iv√°n Duque se atreva a hablar de derechos humanos cuando en #Colombia diariamente se asesinan l√≠deres sociales, maestros, autoridades locales y as√≠ pretenden dar lecciones a Nicaragua #viral https://t.co/9fk7DqLrv0;famasilva1;1.396164857343402e+18;famasilva;0.0;;[]
Fri Dec 17 16:11:28 +0000 2021;2186.0;102.0;https://t.co/fl26kjNEPD;Nicaragua;1471875703591288836;;NicaraguaActual;1.101203070548095e+18;NicaraguaActual;0.0;;[{'url': 'https://t.co/whcjJFT2mI', 'expanded_url': 'https://twitter.com/i/web/status/1471875703591288836', 'display_url': 'twitter.com/i/web/status/1‚Ä¶', 'indices': [117, 140]}]
Fri Dec 17 16:11:21 +0000 2021;11176.0;3029.0;;CUALQUIER LUGAR DE COLOMBIA;1471875674310914049;;saularte;141416612.0;‚ô´¬ßA√öL RODR√çGUEZ;0.0;;[]
Fri Dec 17 16:10:56 +0000 2021;32896.0;868.0;;;1471875567914045442;"Iv√°n Duque saca pecho y habla de un ""hecho hist√≥rico"" porque subi√≥ el salario m√≠nimo a $1.000.000 de pesos, lo que no le dice a la gente es que tenemos el salario m√°s bajo de toda la regi√≥n. ¬°Ay Presidente! No le siga mintiendo al pa√≠s. ¬°Respete!";AmparoJ76146936;1.4204716463522488e+18;belen1960;0.0;;[]
Fri Dec 17 16:10:55 +0000 2021;27472.0;653.0;https://t.co/edyJaUXmrV;Bogot√°, D.C., Colombia;1471875563342159877;"El ataque contra la caravana humanitaria evidencia el desplazamiento masivo de m√°s de un centenar de Firmantes de la Paz frente a la total indiferencia por parte de gobierno de Iv√°n Duque

D√≥nde est√°n las garant√≠as???
@MisionONUCol @CsiviComunes https://t.co/3gwrbjnLRo";Dipo_Music;9.314002971126579e+17;üëπ DIPO üëπ;0.0;;[]
Fri Dec 17 16:10:50 +0000 2021;21957.0;458.0;;;1471875544253931520;"Periodista deportivo Ricardo Henao, de comentar deportes a lamerle a Iv√°n Duque
https://t.co/NUwz6TnMv7";wilar518;3097129313.0;WILAR;0.0;;[{'url': 'https://t.co/NUwz6TnMv7', 'expanded_url': 'https://pluralidadz.com/economia/periodista-deportivo-ricardo-henao-de-comentar-deportes-a-lamerle-a-ivan-duque/', 'display_url': 'pluralidadz.com/economia/perio‚Ä¶', 'indices': [97, 120]}]
Fri Dec 17 16:10:43 +0000 2021;11176.0;3029.0;;CUALQUIER LUGAR DE COLOMBIA;1471875513434218502;;saularte;141416612.0;‚ô´¬ßA√öL RODR√çGUEZ;0.0;;[]
Fri Dec 17 16:10:16 +0000 2021;3613.0;216.0;;Bogota;1471875401454608390;No extra√±a que quieran cerrar el caso contra Iv√°n Duque en la Comisi√≥n de Acusaciones por sus relaciones con el √ëe√±e Hern√°ndez. Este narcotraficante ten√≠a gran influencia en el Cesar y Valledupar donde ten√≠a nexos con autoridades locales y manejaba gran cantidad de votos. Hiloüëá https://t.co/yocYuahneH;PIPILLO85;447306334.0;Felipe Martinez;0.0;;[]
Fri Dec 17 16:09:33 +0000 2021;11176.0;3029.0;;CUALQUIER LUGAR DE COLOMBIA;1471875219941998596;;saularte;141416612.0;‚ô´¬ßA√öL RODR√çGUEZ;0.0;;[]
Fri Dec 17 16:09:25 +0000 2021;21932.0;249.0;https://t.co/OaqrYoSJAv;Medell√≠n, Colombia;1471875188405026821;Federico Guti√©rrez es peor que Iv√°n Duque. No tengo pruebas, pero tampoco dudas.;ElkinUsugaCano;336126811.0;Elkin Usuga Cano;0.0;;[]
Fri Dec 17 16:09:22 +0000 2021;28000.0;3407.0;;;1471875176660971527;;EliansTorres;1.3219475655212933e+18;ELIANS TORRES;0.0;;[{'url': 'https://t.co/yAPmgNuYEH', 'expanded_url': 'https://pluralidadz.com/economia/periodista-deportivo-ricardo-henao-de-comentar-deportes-a-lamerle-a-ivan-duque/', 'display_url': 'pluralidadz.com/economia/perio‚Ä¶', 'indices': [0, 23]}]
Fri Dec 17 16:09:00 +0000 2021;11176.0;3029.0;;CUALQUIER LUGAR DE COLOMBIA;1471875082222030852;;saularte;141416612.0;‚ô´¬ßA√öL RODR√çGUEZ;0.0;;[]
